,0,1,2,3,4,5
0,1,(((((......))))),ACGGCUUUUUUGCCGU,-7.5,1.0,1
1,2,(((((((....(((...........)))((((((((..(((((((((((((((((((...(((((......))))).)))))).)))))))))))))..))))))))..))))))),CCCGUCCAAAAGGCAAAAAAAAAAAGCCCCCGCGCGAACCGCGGGGCGCCGCCCCCGAAAGGGUGAAAAAACACCCACGGGGGACGGCGCCCCGCGGAACGCGCGGGAAGGAUGGG,-89.0,1.0,1
2,3,((((((.((((....))))))).)))..........,ACAAGGUCAGCUAGCGCUGCCUAUGUAAAGGUGAAA,-10.0,1.0,1
3,4,((((((((((((((.((((((...........((((((((((((.....((((((((....(((((((((((((........))))))))))....))))))))....))))))....)))))...((((((.......))))))))))............)))))).))))....))))))...))))...,GCGCCGGGGGCCCGAGGGCGGAAAAAAAAAAACCCGGCCCGCCCAAAAACGCGCGGCAAAACCCCGGGGGCCCGAGAAAAAACGGGCCCCCGAAAAGGGGCCGCAAAAGCGGGGAAAACGGGCAAACCCCCCAAAAAAAGGGGGGCGGGAAAAAAGAAAAACCGCCCACGGGAAAACCCCCGAAAGCGCAAA,-106.9000015258789,1.0,1
4,5,..(.(..((((((....))))))..).)......((((..(((.(((((((((....)))))....)))))))))))..((((((((....))))))))..,UUCUCUUCCCCCGUUUUCGGGGGUUGUGUUUUUUCCGCUUCGGUCCGCGCCGCUUUUGCGGCUUUUGCGGCCGGCGGUUGCACCCCCUUUUGGGGGUGCUU,-58.4000015258789,1.0,1
5,6,(((((((((((........)))).((...............))....(((((.......))))))))))))....(((((((..((((........))))(((.............)))....(((((.......))))))))))))....(((((((..((((........))))((((((.......))))))....(((((.......))))))))))))....(((((((..((((........))))((((((.......))))))....(((((.......))))))))))))....(((((((..((((........))))((((((.......))))))....(((((.......))))))))))))....,CGAGAGCCCCCUUUUUUUUGGGGUCCUUUUUUUUUUUUUUUGGUUUUCGCGGUUUUUUUCCGCGGCUCUCGUUUUCCCCCGCUUCCGCUUUUUGUUGCGGCGGUUUUUUUUUUUUUCCGUUUUCGGCCUUUUUUUGGCCGGCGGGGGUUUUGCCGGGCUUGGCCUUUUUUUUGGCCGGGCGCUUUUUUUGCGCCCUUUUGGCCCUUUUUUUGGGCCGUCCGGCUUUUGCGCCCGUUCGCCUUUUUUUUGGCGGCGGGGUUUUUUUCCCCGCUUUUGGGCGUUUUUUUCGCCCCGGGCGCUUUUGGCGGGCUUGCGGUUUUUUUUCCGCCCGGGCUUUUUUUGCCCGGUUUUCGGCCUUUUUUUGGCCGGCCCGCCUUUU,-191.8000030517578,1.0,1
6,7,.....((((((((...((((((((((..((((..........))))..((((..........))))..((((..........))))..))))))))))...((((((((((..((((..........))))..((((..........))))..((((..........))))..))))))))))...((((((((((..((((..........))))..((((..........))))..((((..........))))..))))))))))...)))))))).....,AAAAACGGGGGGGAAAGGGCCCCUGCAACGGCAAAAAAAAAAGCUGAAGGGGAAAAAAAAAACCCCAAGCCCAAAAAAAAAAGGGCAAGCGGGGGCCCAAACCGGGGGGACAACCGGAAAAAAAAAACCGGAAGCCGAAAAAAAAAACGGCAAGCCGAAAAAAAAAACGGCAAGUCCCCCCGGAAAGGGGCCCGGCAAGCCCAAAAAAAAAAGGGCAACUGCAAAAAAAAAAGCAGAACAGCAAAAAAAAAAGCUGAAGCCGGGCCUCAAACCCCCCCGAAAAA,-134.30000305175778,1.0,1
7,8,((((...)))).,GCCCCGCGGGCA,-6.300000190734862,1.0,1
8,9,.....((((((((..((((....))))..)))).((((..(...)..)))).((((..(..(((.....)))..)..))))))))....................,UUUUUCCCCCGCCUUGCCCUUUUGGGCUUGGCGUGGCGUGCUUUGAUCGCCUCGGGUUCUUCCGUUUUUCGGUUGUUCCCGGGGGUUUUUUUUUGUUUUUUAUUU,-41.900001525878906,1.0,1
9,10,..........((((....))))((((....))))((((...)))),UUUUUUUUAUCCGGUUUUCCGGACAGUUUUCUGUGCCCUUUGGGC,-14.199999809265135,1.0,1
10,11,((((((.((((((((....))))).)).).)))))),CGGGCGUCCCCCUGGGGGACCGGGCGGAGUCGCCCG,-24.70000076293945,1.0,1
11,12,((((....))))...(((((((..(((((((.......))))))))))))))...((((((((......(((((((.(((((((.......))))))))))))))...((((((((((((((.......))))))).)))))))......))))))))...((((((((((((((.......)))))))..)))))))...((((....)))),GGUGUUUUCGCCUUUCCACGGUUUCGCGGGGUUUUUUUCCCCGCGGCCGUGGUUUCGGGCCAGUUUUUUGGGGGGGUGGCCCCCUUUUUUUGGGGGCCCCCCCCCUUUGGGGGCCCCUGGCCUUUUUUUGGCCAGGUGGCUCCCUUUUUUCUGGCCCGUUUCUCCCGGGGGAGGCUUUUUUUGCCUCCCUUCCGGGGGUUUCCGGUUUUCCGG,-146.5,1.0,1
12,13,((((((((((((((((((((((((((...))))))....)))))))....))))))....))))))),GCCGCCCGCGUGCGCGCGUCUCCGCCCCAGGCGGACAUGGACGCGCGCUAGCACGCGUUUGGGCGGC,-46.9000015258789,1.0,1
13,14,.....((...((....))...((....))...((....))...((....))...((....))...((....))...))....................,AAAAAGCAAAGCAAAAGCAAAGCAAAAGCAAAGCAAAAGCAAACCAAAAGGAAAGCAAAAGCAAAGCAAAAGCAAAGCAAAAAAAAAAAAAAAAAAAA,-7.699999809265138,1.0,1
14,15,(((((.....))..((.........))))),CCCCCUUUAUGGUUGCUUUUUUUUUGCGGG,-2.400000095367432,1.0,1
15,16,............((....))...((...((....))..((...((....))...))..((....))...))..((....))........................,AAAAAGAAAAAAGGAAAACCAAAGCAAAGCAAAAGCAACCAAACCAAAAGGAAAGGAAGGAAAACCAAAGCAAGCAAAAGCAAAAGAAAAAAAAAAAAAAAAAAA,-4.5,1.0,1
16,17,.....((....((....))....((....))....((....))....((....))....((....))....((....))....))....................,AAAAAGCAAAACGAAAACGGAAAGGAAAACCAAAAGCAAAAGCAAAAGGGAAACCAAAAGCAAAAGCAAAAGCAAAAGCAAAAGCAAAGAAAAAAAAAAAAAGAA,-7.300000190734862,1.0,1
17,18,((((((.....(((....(((...(((((.............)))))....)))..)))..)))))),GUGUAUGGGGGUUCGGGGGCCGGGGCGGCGGGGGGGGGGGGGGCUGUGGGGGGUGGGAAGGAUGCGC,-16.0,1.0,1
18,19,.....((((.(((((....)).))).(((.(((....)))))).((((((....)).)))).(((((....))).)))))).......................,UUUUUCCCCUCCCCGUUUUCGUGGGUGCCUGCCUUUUGGCGGCUGUGCCGUUUUCGUGCGCUGCCCAUUUUUGGUGCGGGGUUUUUUUUUUUUUUUUGUUUUGU,-33.900001525878906,1.0,1
19,20,(((((((.(.(.(.(((((((....))))))))))))))))),GGGGGCGCGUGAGUGGAGGCCGCCCGGCCUCCCCCUGCCCCC,-28.5,1.0,1
20,21,.....((((((((....))))((((.((((....))))(((((....))))).((((....))))))))((((....))))))))....................,GAAGGGGCCCGCCGACAGGCGCCGCUCCGCACAUGCGGCCCCCGCGCGGGGGACGCCAACAGGCGGCGGGGCGACAGCGCCGGCCGAAAACUUAAGAAUGGAAAG,-48.20000076293945,1.0,1
21,22,................................................................................................................................................................................................................................................................................................................................................................................................................,AAAAAAAAAAAAAAAAAAAAAAAAAAAAAAAAAAAAAAAAAAAAAAAAAAAAAAAAAAAAAAAAAAAAAAAAAAAAAAAAAAAAAAAAAAAAAAAAAAAAAAAAAAAAAAAAAAAAAAAAAAAAAAAAAAAAAAAAAAAAAAAAAAAAAAAAAAAAAAAAAAAAAAAAAAAAAAAAAAAAAAAAAAAAAAAAAAAAAAAAAAAAAAAAAAAAAAAAAAAAAAAAAAAAAAAAAAAAAAAAAAAAAAAAAAAAAAAAAAAAAAAAAAAAAAAAAAAAAAAAAAAAAAAAAAAAAAAAAAAAAAAAAAAAAAAAAAAAAAAAAAAAAAAAAAAAAAAAAAAAAAAAAAAAAAAAAAAAAAAAAAAAAAAAAAAAAAAAAAAAAAAAAAAAAAAAAAAAAAAA,0.0,1.0,1
22,23,((....)).((....)),GGGGUACCGGCGAAGGC,-2.0999999046325684,1.0,1
23,24,.....(.((((..(((((........)))))..(((.(((.(((((.....))))).((((....)))).))))))..)))).)....................,UUUUUGUGGCCUUCCGCCUUUUUUUUGGCGGUUCGGUGGGUGCGGCUUUUUGCCGCUGCCGUUUUCGGCUCCCCCGUUGGCCUCUUUUUUUUUUUUUUUUUUUU,-38.599998474121094,1.0,1
24,25,(((.....(((.....(((.....(((.....(((........))).))).))).))).))),GCCUUUUUCGCUUUUUGCCUUUGUCCGUUUUUGGCUUUUUUUUGCCUCGGUGGCUGCGUGGC,-10.600000381469727,1.0,1
25,26,..((((((((.....)).))))))..,CUGGGCUGUGGUAUACACCGGCCCCC,-11.600000381469727,1.0,1
26,27,.....(((((.(.(.((.(.(((((((((....))))))))))))))))))).....,AAAAACGGGCACAGAGGACACCCGGGCCGAAAACGGCCCGGGGCCCGGCCCGAAAAA,-33.700000762939446,1.0,1
27,28,...((((..(((((.....)))))..(((((...)))))..(((((.....)))))..(((((...)))))..(((((.....)))))..(((((.....))))).((((((((((((((((((((((((((((......))))).(((((.............((((.........................................)))).............)))))(((((....))))).)))))))))))))))))))))))..(((((.....)))))..(((((.....)))))..(((((.....)))))..(((((.....)))))..(((((....)))))..(((((.....))))).))))...,UUUGGCGUUGGCCCUUUUUGGGCUUUGCGCGUUUCGCGCUUGCGCGUUUUUCGCGCUUCGGCCUUUGGCCGUUCAGGGUUUUUCCCUGUUCCGGGUUUUUCCCGGUUGCUGUGAGUGGGCCGGCGCCGCGGCCCUUUUUUGGGCCUGGCUCUUUUUUUUUUUUUGGGGUUUUUUUUUUUUUUUUUUUUUUUUUUUUUUUUUUUAUUUUUCUCCUUUUUUUUUUUUUGGGCCCGUCCUUUUGGGCGUGCGGCGCCGGCCCACUCACAGCAUUGCGCGUUUUUCGCGCUUGCCGGUUUUUCCGGCUUGGCUCUUUUUGGGUCUUGGCCCUUUUUGGGCCUUGCCCCUUUUGGGGCUUGCUGUUUUUUGCAGCUCGCCUUU,-198.7700042724609,1.0,1
28,29,.....((((((((..((((....))))..)))).((((..(...)..)))).((((..(..(((.....)))..)..))))))))....................,UUUUUCCGGCCGGUUCCCCUUUUGGGGUUCCGGUGCGGUGCUUUGAUCCGCUGCCCUUCUUCGCUUUUUGCGUUGUUGGGCCCGGUUGUUUUUUUUGUUUUUUUU,-41.70000076293945,1.0,1
29,30,.(((((((((((...)))))....)))))).,UGCGCCCUCAACGCUGUUGAAGAUGGGUGCU,-13.199999809265135,1.0,1
30,31,.....((((.((((((.(((.(((((.((((.((((.((.((.((.((.((.((.....)))))))))))))))))))))))))))))))))))))).....,AAAAGGGGCACGGGGCACGCACGCCCACGCGAGGGGAGAACCACCACCACGAUCGAAAAGACGGGGGGGUCCCCCCGCGGGGCGGCGGCCCCGGCCCAAAAA,-69.40000152587889,1.0,1
31,32,.............................((((......((((....((((...((((..((((.((((.....)).)).)).))..)).))...)).)).....)).))......)).)).,UUUUUUUUUUUUUUUUUUUUUUUUUUUUUGCCCUUUUUUCCCUUUUUGGGCUUUGGGCUUGUCGUGGGCUUUUUGCUCCUCGUACUUGCUCCUUUGCUCCUUUUUAGUGGUUUUUUGGUGCU,-26.20000076293945,1.0,1
32,33,.......(.(.(.(.(.((.((.(....).)).)).).).).).),GGAGGGGCGCGGGGGGGCCGGCGCGGGGGGGCGGGGCGCGCGGGG,-17.600000381469727,1.0,1
33,34,.....((((.(((((....))))).(((....))).)).))....((((.(((....))).(((....))).))))....................,AAAAAGGGCACCCCCAAAAGGGGGAGGGAAAACCCAGCACCAAAAGCCCAGGGAAAACCCAGCUAAAAAGCAGGGCAAAAAAAAAAAAAAAAAAAA,-28.29999923706055,1.0,1
34,35,.(((.(((...(((.(((...))).(((....))).)))...(((.(((....))).(((...))).)))...(((.(((....))).(((...))).)))...))).(((...))).)))..,AGGGAGGGAAACGGAGCCAAAGGCACCCAAAAGGGACCGAAAGCCACCCAAAAGGGAGGGAAACCCAGGCAAAGGCAGCGAAAACGCAGGGAAACCCAGCCAAACCCAGCCAAAGGCACCCAA,-34.59999847412109,1.0,1
35,36,.....(((((((...((((...((((...((((.........(((((............)))))...))))....((((..........))))...))))...(((........)))...))))..((......))...))))))).....,AAAAACGACCCCAAACGCGAAAGCCGAAACGCCAAAAAAAAAGGCCCAAAAAAAAAAAAGGGCCAAAGGCGAAAAGCCCAAAAAAAAAAGGGCAAACGGCAAAGCCAAAAAAAAGGCAAACGCGAACCAAAAAAGGAAAGGGGUCGAAAAA,-45.599998474121094,1.0,1
36,37,.....((.((..(((((.(((....)))(((....)))))).....((((((....)))(((....))).)))))..)).)).....................,AAAAAGCACCAAGCGGGACGGAAAACCGGCGAAGACGCCCCAAAAACGCGGGAAAACCCGGCAAAAGCCAGCGGCAAGGAGCAAAAAAAAAAAAAAAAAAAAA,-22.5,1.0,1
37,38,...((....))....(((((((((.........)))))))))....((((.....)))).....(((....)))...(((((.......)))))....(((...((....)).....(((....)))....((((((.......))))))....(((....))).....((((((....(((.......)))..(((........)))...(((((......)))))...((((.....))))..)))))).........((....)).....((....))......(((((..........)))))......))),GAACCAAAAGGAAAAGGGCCGCCCAAAAAAAAAGGGCGGCCCAAAACCCCAAGAAGGGGAAAAACCGAAAACGGAAAGCCGGAAAAAAACCGGCAAAACGCAAAGCAAAAGCAAAAACGCAAAAGCGAAAAGGGGGGAAAAAAACCCCCCAAAACCCGAAAGGGAAGAACGCGGCAAAAGCGAAAAAAACGCAAGGCAAAAAAAAGCCAAAGCCCGAAAAAACGGGCAAAGCGCAAAAAGCGCAAGCCGCGAAAAAAAAACCAAAAGGAAAAAGGAAAACCAAAAAAGCGGGAAAAAAAAAACCCGCAAAAAAGCG,-112.9000015258789,1.0,1
38,39,(((((.((((((.((((((.((((((.((((((.((((((....((((((......)))))).)))))).(((((...(((((((...)))))))))))).)))))).((((((((((((...)))))))...))))).))))))....))))))....))))))....))))),CGGGAUCCCGCGUGCGGGCUGGGUCGUGGCCGGUCCCGGCUUUUCCGGGCUUUUUUGCCCGGUGCCGGGUCGCGGUUUACGCGGCUUUGCUGCGUCCGCGUCCGGCCUGGCCCGCGACCGUUUCGGUCGCUUUGGGCCUCGACCCUGUUGCCCGCUUUUCGCGGGUUUUUCCCG,-113.5999984741211,1.0,1
39,40,..((((((((.....))))((((.....))))))))..,CCGUGCGUCCGCAAAGGACGGUUGGAAGGGCUGCACAG,-10.899999618530273,1.0,1
40,41,((....)).((....)).((....)).((....)),GGGAAACCAGGAAAACCAGCAAAAGCACCGAGAGG,-3.5,1.0,1
41,42,.....((((.((((.....((((...)))).))))...(((..((((((...)))...)))((((((...)))...))).)))...(((...(((....))).))).)))).....,AAAAAGGGGACCCCAAAAACCCGAAACGGGAGGGGAAACGCGAGGGGGGAAACCCAAACCCGGCGGCAAAGCCAAAGCCAGCGAAACGCAAAGCCAAAAGGCAGCGACCCCAAAAA,-38.20000076293945,1.0,1
42,43,.....(((((..((..((..(((..(((..((..((...)).)).))).))).)).)).))))).....................,GUUUUGGGCGUUGCUUGCUUCCGUUCGCUUCCUUCCUUUGGUGGUGCGUCGGUGCUGCUCGCCCUUUUUUUUUUUUUUUUUUUUU,-24.20000076293945,1.0,1
43,44,.....(((.(((((....)).)))(((.((....))))).)))....................,AAAAACGCAGGCCCAAAAGGAGCCGGGAGCAAAAGCCCCAGCGAAAAAAAAAAAAAAAAAAAA,-15.5,1.0,1
44,45,(((((((((....))))(((((....)))))(((((....)))))((((....))))))))).,GUGGCGUGCAGUCGCGCAGGAUGCUAAUCCUUAUAUAACCAUGUAGAGGGGGUCCUCGCUACA,-21.799999237060547,1.0,1
45,46,.....((((((((((((....))))((((....))))))))((((((((....))))((((....))))))))))))....................,UUUUUGCGCGAGGGGGCUUUAGCCCGGCGUUUUCGCCCCUCCGCGGGGGUUUUCCCCGCGCUUUUGCGCCGCGGCGCUUUUUUUGUUUUUUUUUUUU,-41.29999923706055,1.0,1
46,47,((((......(((((...))).((....)).........)).....)))),GCCCUUUUUUCCGCCUUUGGCUGCUAUUGCUUUUUUUUUGGUUUUUGGGC,-10.0,1.0,1
47,48,.....((((((((...)))).((((((((...))))..((((...))))..((((...)))))))).((((...))))))))....................,AAAAACUCGCCCCAAAGGGGACCACGUUUAAAGAGCAAGCGCAAAGCGCAACAUAAUAUAUGGUGGAGUCCAAAGGACCGAGAAAAACAAAAAAAAAAAAAC,-22.399999618530273,1.0,1
48,49,.....(((.(..(.(((((.((((.((...)))).))))((((((...)).))))..(((...)))...))).)..).)))....................,UUUUUCCCUCUUCUGCCGGUGCCGUGCUUUGCCGUGCCCGCCCGCUUUGCUGGGCUUGGGUUUCCCUUUGGCUGUUGUGGGUUUUUUUUUUUUUUUUGUUU,-27.60000038146973,1.0,1
49,50,,,,,0
50,51,((((((.((((((....)))))).(((....))).(((....))).((((((....)))))).(((....))).((((((....)))))).(((....))).(((....))).((((((....)))))).(((....))).((((((....)))))).(((....))).(((....))).((((((....)))))).(((....))).((((((....)))))).(((....))).(((....))).((((((....)))))).(((....))).((((((....)))))).(((....))).(((....))).((((((....)))))).)))))),CACGGCUUCGCGGUUUUCCGCGAUCCGUUUUCGGUGGCUUUUGCCUGGAGCGUUUUCGCUCCUCGGUUUUCCGUGGGCUGUUUUCAGCCCUGGCUUUUGCCUGUCUUUUGACUGGGUCGUUUUCGACCCUGCGUUUUUGCUGGCCCCUUUUGGGGCCUCCCUUUUGGGUCCCUUUUGGGUGCGGGGUUUUCCCUGCUGGCUUUUGCCUAGGGCCUUUUGGCCCUUAGCUUUUGCUUCUCUUUUGGGUGGGGCGUUUUCGCCCCUGGCUUUUGUCUCCGGGCUUUUGCCCGGUGCCUUUUGGCUCUCUUUUGGGUCCCGGGUUUUCCCGGGUGCCGUG,-185.0,1.0,1
51,52,,,,,0
52,53,.......((.........((.........((.........((.........((.........((.........((.........((.........((.........((.........((.........((.........((.........((.........((.........((.........((.........((.........)).........)).........)).........)).........)).........)).........)).........)).........)).........)).........)).........)).........)).........)).........)).........)).........)).........))......,UUUUUUUGUUUUUUUUUUCCUUUUUUUUUCCUUUUUUUUUCAUUUUUUUUUCGUUUUUUUUUGCUUUUUUUUUGGUUUUUUUUUCCUUUUUUUUUGCUUUUUUUUUGCUUUUUUUUUGGUUUUUUUUUGCUUUUUUUUUCGUUUUUUUUUUGUUUUUUUUUGGUUUUUUUUUGCUUUUUUUUUGGUUUUUUUGUGCUUUUUUUUUGCUUUUUUUUUCCUUUUUUUUUGCUUUUUUUUUCCUUUUUUUUUCAUUUUUUUUUCGUUUUUUUUUGCUUUUUUUUUCCUUUUUUUGUGCUUUUUUUUUGCUUUUUUUUUGGUUUUUUUUUCCUUUUUUUUUGCUUUUUUUUUCGUGUUUUUUUUGUUUUUUUUUGGUUUUUUUUUGGUUUUUUUUUGCUUUUUU,-17.5,1.0,1
53,54,(((((((((....)))))(((((....)))))(((((....)))))(((((....)))))(((((....)))))(((((....))))))))),GGCCGGGGCGUGAGCCCCCGUCCGCUUGGGCGCCGGGAUUGCCCGGAGGUCCCGGGACCUGUGGCUAACGCCGCGCCCUGGCUGGGGCGGCC,-57.5,1.0,1
54,55,.....((((((((((....)))(((....((((.(((.....))).((((((......)))...))))))))))))).))))....................,UUUUUGCGGCCCGCGUUUUCGCCGGUUUUCGCGUGGGUUUUUCCCUGCCGCCUUUUUUGGCUUUGGCCGCGCCGGGGUCCGCUUUUUUUUUUUUUUUUUUUU,-32.0,1.0,1
55,56,(((((((((((.(((((..(((((....((((((..(((((...(((((..((((((.((((((((((((((....))))))))))))))..(((....))).(((((((((....)))))))))..(((((....))))).)))))).))))).))))).))))))...((((((((.....))).)))))..((((((((((((((((((((((((....)))))))))))))).))))))))))...(((((......)))))((((((((((....))))))))))...((((....))))..)))))..))))).((((.(((.(((....)))))))))).(((((((((....))))).)))).)))).))).))))...,GCGGGACCCCCUCGGGGUUCGCGGUUUUCCGCCGUUGGCGGUUUCCGCGUUCGCCGGUCCCGGCCGGGGCCCUUUUGGGCCCCGGCCGGGUUCGCUUUUGCGUUUCGGUCGGUUUUCCGACCGGAUUGCGGCUUUUGCCGCUCCGGCGUCGCGGUCCGCCUCGGCGGUUUCGGCAGGCUUUUUGCCUUGCUGUUCCGACGGCACGGCGCGGGGACCGGUUUUCCGGUCCCCGCGCCUGUGCCGUCGGUUUGCCCCUUUUUUGGGGCGUCAGGGCGCUUUUGCGCUCUGACUUUGGGGUUUUCCCCUUCCGCGUUCCCCGUGGUGUCCGUCCUUUUUAGGCGGCACUUGCCGCCCGCUUUUGCGGGUCGGCUGGGGUGUCUUUGCUUU,-286.1000061035156,1.0,1
56,57,,,0.0,,0
57,58,((((.((((.(((....))).(((....))).(((....))).(((....))).(((....))).(((....))).)))).(((((......)))))(((....))))))),CCGGAGGCGAGCCAAAAGGCACGUAAAAGCGAGGGAAAACCCAGCCAAAAGGCACGCAAAAGCGGGGCAAAAGCCACGCCAGGGCGAAAAAACGCCCGCCAAAAGGCCCGG,-46.70000076293945,1.0,1
58,59,.....((((((.((((((((....))))))).)))((((((((((....)))))))))))))).....,ACCUAGGCUCGUCCUAGUAGUAGACUGCUGGUGUGGACGAGGCGGACGACCGCCUUGUUAGCCGAUAU,-27.79999923706055,1.0,1
59,60,,,,,0
60,61,,,,,0
61,62,.((.((.((.((..((..((.((...))..)).)).))..))..))....)).,GGCACCAGCAGCAAGGAAGCACCAAAGGAAGCACCGGCGGGCAAGGAAGAGCG,-6.4000000953674325,1.0,1
62,63,.....((((((((..((((....))))..((((....))))..((((....))))..((((....))))..)))))))).....((((((((..((((....))))..((((....))))..((((....))))..((((....))))..)))))))).....((((((((..((((....))))..((((....))))..((((....))))..((((....))))..)))))))).....((((((((..((((....))))..((((....))))..((((....))))..((((....))))..)))))))).....((((((((..((((....))))..((((....))))..((((....))))..((((....))))..)))))))).....,UUUUUGCCCGGCCUUGCGCUUUUGUGCUUCUUCUUUUGAAGUUGCCCUUUUGGGCUUGCCGUUUUCGGCUUGGCUGGGCUUUUUGGCCCGCUUUAGUCUUUUGACUUUCCCGUUUUCGGGUUGGGGUUUUCCCCUUCCGGUUUUCCGGUUAGCGGGCCUUUUUCUGUCCCCUUGGGCUUUUGCCCUUGGCGUUUUCGCCUUGCUUUUUUAGGCUUGCGCUUUUGCGCUUGGGGGCAGUUUUUCCGCGGGUUUGCGCUUUUGCGCUUGGGUUUUUGCCCUUCGGCUUUUGCCGUUCCCUUUUUGGGGUUACCCGCGGUUUUUGCGCGCGGUUGGGCUUUUGCCCUUGCGGUUUUCCGCUUGGCGUUUUCGCCUUCCGGUUUUCCGGUUCUGCGCGCUUUUU,-198.6999969482422,1.0,1
63,64,,,,,0
64,65,,,,,0
65,66,.((.((.((..((.(...).)).))..))....)).,GGCACCACCGGGCGCAAAGGGCAGGAAGGAAGAGCG,-4.400000095367432,1.0,1
66,67,,,,,0
67,68,,,,,0
68,69,.((.((.....(((((...((.(((.........................))).))...))).))...)).)).(((..(((..((.......((....)).......)))))......))).(((((.......(((..((..(((..((.(((...............)))..))..)))..)).)))..))..))).,UCCUGCUUUUUCGGGCUUUGGUGCCUUGUUUUUUUUUUUUUUUUUAUUUUGGCUCCUUUGCCUCGUUUGCUGGUGCCUUGGGUUGCUUUUUUUGCUUUUGCUUUUUUUGCCCCUUUUUUGGCUCGCCCUGUUUUUGGCUUGGUUGCCUUGCUCGCUUUUUUUUUUUUUUUGCGUUGCUUGGCUUCCUGCCUUGGUUGCGU,-49.0,1.0,1
69,70,...(((((((....((..((..(((..((..((..((..((..((..((...)).))..)).)).))..)).))).)).)))))))))........(((((((....((..((..(((..((..((..((..((..((..((...)).))..)).)).))..)).))).)).)))))))))...,UUUCGGAGGGUUUUAGUUGCUUGCCUUGGUUCAUUCCUUGCUUCGUUGCUUUGCUUGUUGCUGGUUGUUCCUGGCUGCUCUCCCUCCGUUUUUUUUGGGCACGUUUUGGUUGGUUUCGUUGGUUCGUUCCUUCGUUCGUUCCUUUGGUCGUUCGUGGUCGUUCCUCGGUCCUCCCGUGCCCUUU,-55.9000015258789,1.0,1
70,71,,,,,0
71,72,..((((((((.......(.((((((....)))))).(((((((....))))))).).......))))))))..,GGUAUUAGCUGGGAGGGCGGAGUUCGGGGGGACUCGGGCUGGGGGGGCCCGGUCGGGGGGGGAGGCUGAUGGG,-25.899999618530273,1.0,1
72,73,,,,,0
73,74,,,,,0
74,75,......(((......((((..(....(((........)))....).....)))).......)))...........,GGGGGGGGCGGGGGGGCCGGGGGGGGGGCGGGGGGGGGCCGGGGCGGGGGCGGCGGGGGGGGCCGGGGGGGGGGG,-17.399999618530273,1.0,1
75,76,,,,,0
76,77,.....(((((((.(((((....)))).)))(((((.((..((((....))))..(((((......)))))..)).))))))))))....................,UUUUUCCGGCGGUGUCGCUUUUGCGGUCCCGGGGUUGCUUGCACUUUUGUGCUUCAUGGUUUUUUCCGUGUUGCUACCCCGCCGGUUUUUUUUUUUUUUUUUUUU,-35.70000076293945,1.0,1
77,78,,,,,0
78,79,,,,,0
79,80,,,,,0
80,81,,,,,0
81,82,...((((((....))))))(((((....)))))((((((....))))))(((((....)))))((((((....))))))(((((....)))))(((((....)))))((((((....)))))).(((((....)))))((((((....))))))(((((....)))))((((((....))))))(((((....)))))((((((....)))))),AAAGCGCCCAAAAGGGCGCCCCGCAAAAGCGGGGGCCCCAAAAGGGGCCGCGCGAAAACGCGCAGGGCGAAAACGCCCUGGGCCAAAAGGCCCCCUCGAAAACGAGGCGCUCCAAAAGGGGCGAGCGCCAAAAGGCGCGCCCCGAAAACGGGGCCGGCCAAAAGGCCGGGGGCCAAAAGGCCCCGCGGCAAAAGCCGCGCCGCGAAAACGCGGC,-148.39999389648438,1.0,1
82,83,.....((((.(((.((....))((....)).))).(((.((....))((....)).))).(((.((....))((....)).))).(((.((....))((....)).))).)))).....,AAGAAGCGGAGGGAGCAAAAGCGGAGAACCACCCAGGCAGCAAAAGCGGGAAACCAGCCAGCCAGCAAAAGCGGAAAGCCAGGCACCGAGCAAAAGCCCAAAAGGACGGACCGCGAGAA,-22.5,1.0,1
83,84,.....((((((((((....)))(((....((((((((...(((.....)))))))(((......))).))))))))))..))))....................,AAAAAGGCCGGCGGGAAAACCCGGCAGAAGGAGGCCCAAAGGCAAAAAGCCGGGCGGCAAAAAAGCCACUCCGCCGCCAAGGCCAAGAAAAAAAAGAAAAAAAA,-36.5,1.0,1
84,85,,,,,0
85,86,,,,,0
86,87,,,,,0
87,88,,,,,0
88,89,,,,,0
89,90,,,,,0
90,91,,,,,0
91,92,,,,,0
92,93,........(((((((((((....))))..((((....))))..((((....)))))))))))..(((((((...))))..((((...))))..((((...))))))).........,UUUUUUUUGGCCCCCGGGCUUUUGCCCUUCGGGUUUUCCCGUUCCGGUUUUCCGGGGGGGCCUUCCGGGAGUUUCUCCUUGCCGUUUCGGCUUCCGGUUUCCGGCGGUGUUUUUUU,-51.599998474121094,1.0,1
93,94,,,,,0
94,95,..(((((((((((((....)))))(((((....))))))))((((((((....)))))(((((....)))))))))))))..,UUCCGCCCGGGGGGCUUUUGCCCCGGCGGUUUUCCGCCCCGGGCCGCGCUUGUGCGCGGGGGGUUUUCCCCCGCCGGCGGUU,-53.79999923706055,1.0,1
95,96,,,,,0
96,97,,,,,0
97,98,...(((((((...))))..((((...))))..((((...)))))))........(((((((...))))..((((...))))..((((...)))))))........(((((((...))))..((((...))))..((((...)))))))........(((((((...))))..((((...))))..((((...)))))))...,AAAGGGCCGGAAACCGGAACCGGAAACCGGAAGCCCAAAGGGCCCCAAAAAAAAGCCGGGAAAAUCCCAAGCCCAAAGGGCAACCCGAAACGGGGGCAAAAAAAAGGCGGGGAAACCCCAAGCGGAAACCGCAAGGCCAAGGGCCGCCAAAAAGAACCCCGCGAAACGCGAACCCCAAAGGGGAAGCCGAAACGGCGGGAAA,-77.5999984741211,1.0,1
98,99,,,,,0
99,100,,,,,0
