,Target,aRNAque_time,antaRNA_time,aRNAque_bpd,antaRNA_bpd,Length
0,.(((..[[[[[[)))..]]]]]].,35.22400641441345,4.952255010604858,0.0,0.0,24
1,.(((.[[[[[[)))..]]]]]]...,34.395577907562256,3.7237014770507817,0.0,0.0,25
2,..(((.[[[[[[)))...]]]]]].,34.11803948879242,5.753758549690247,0.0,0.0,25
3,.((((..[[[)))).....]]]...,30.463146924972534,7.35939359664917,0.0,0.0,25
4,.(((..[[[[[[)))...]]]]]].,34.79238450527191,6.744132041931152,0.0,0.0,25
5,.(((.[[[[)))........]]]].,28.21537709236145,6.247722029685974,0.0,0.0,25
6,.(((.[[[[[.)))....].]]]].,6356.75749707222,301.65395748615265,1.0,1.0,25
7,.(((.[[[[[[[)))...]]]]]]].,37.68707597255707,6.196195006370544,0.0,0.0,26
8,.((((..[[[[)))).....]]]]..,30.621165990829468,8.579128623008728,0.0,0.0,26
9,.(((..[[[[[.))).....]]]]].,34.63150346279144,6.573934435844421,0.0,0.0,26
10,..(((...[[[[)))......]]]].,34.552170515060425,11.13122308254242,0.0,0.0,26
11,.(((.[[[[[[.)))....]]]]]].,38.361575961112976,6.008431553840637,0.0,0.0,26
12,.((((.[[[[[[))))...]]]]]].,32.44104540348053,6.459167003631592,0.0,0.0,26
13,..(((.[[[.[[)))...]].]]]..,63.12670159339905,17.761991500854492,0.0,0.0,26
14,.((((..[[[[[[))))..]]]]]].,61.83632147312164,52.158244013786316,0.0,0.0,26
15,.(((..[[[[[)))......]]]]].,38.14625942707061,7.080994009971619,0.0,0.0,26
16,.(((((.[[[[[)))))..]]]]]..,32.14085650444031,29.274794459342957,0.0,0.0,26
17,(((....[[[[[)))......]]]]],35.31654453277588,7.323441505432129,0.0,0.0,26
18,.(((...[[[[[[)))...]]]]]].,39.75781786441803,8.21725046634674,0.0,0.0,26
19,..((((..[[[[)))).....]]]]..,32.840579986572266,5.174782872200012,0.0,0.0,27
20,.(((((.[[[[[)))))....]]]]].,33.01754605770111,4.348245024681091,0.0,0.0,27
21,.(((.[[[[[[[)))....]]]]]]].,40.18636095523834,4.554186582565308,0.0,0.0,27
22,..(((..[[[[[[)))....]]]]]].,42.358461499214165,6.75115692615509,0.0,0.0,27
23,.((((...[[[[))))......]]]].,34.390533447265625,3.8881055116653442,0.0,0.0,27
24,..(((.[[[[[[[)))....]]]]]]].,38.694966554641724,5.584401369094849,0.0,0.0,28
25,.((((.....[[[[[))))...]]]]].,40.479013442993164,8.2422856092453,0.0,0.0,28
26,..((((..[[[[)))).....]]]]...,34.752129912376404,9.428026556968689,0.0,0.0,28
27,.((((.[[[[[[[))))...]]]]]]].,41.06552350521088,4.79104208946228,0.0,0.0,28
28,((((.[[[[[[[)))).....]]]]]]],38.92898547649383,4.032772541046143,0.0,0.0,28
29,.((((..[[[[)))).....]]]]....,37.32340943813324,8.627616047859192,0.0,0.0,28
30,.((((...[[[[[))))......]]]]].,41.61476457118988,5.975467562675476,0.0,0.0,29
31,.((((((...[[[..))))))....]]].,52.21297895908356,59.10286843776703,0.0,0.0,29
32,.(((....[[[[[)))..]]]]]......,40.66046953201294,6.847512483596802,0.0,0.0,29
33,.(((.[[[[[[[)))......]]]]]]].,44.1238089799881,5.187664985656738,0.0,0.0,29
34,.(((((.[[[[[..)))))....]]]]].,36.85025906562805,5.076771020889282,0.0,0.0,29
35,..((((.[[[[[..)))).....]]]]].,34.7337441444397,6.563696503639221,0.0,0.0,29
36,..(((.[[[[[[[))).....]]]]]]].,43.76127898693085,5.473777890205383,0.0,0.0,29
37,.((((..[[[[)))).....]]]].....,36.03003644943237,5.227475881576538,0.0,0.0,29
38,..((((..[[[[)))).....]]]].....,41.730714917182915,12.457571029663086,0.0,0.0,30
39,..((((...[[[)))).....]]]......,36.138896465301514,14.726012468338013,0.0,0.0,30
40,(((((..[[[.[[))))).......]]]]],154.53429293632507,204.95818996429443,0.0,0.0,30
41,(((((.[[[[[[..))))).....]]]]]],37.136120080947876,4.530703544616699,0.0,0.0,30
42,((((.....[[[[[))))......].]]]],7643.235202550889,294.74023699760437,1.0,1.0,30
43,(((((((...[[[[.)))))))....]]]].,45.23271286487579,20.891563534736633,0.0,0.0,31
44,.((((((..[[[[[[))))))...]]]]]].,59.39236843585968,11.659622430801392,0.0,0.0,31
45,.(((((.[[[[[[)))))......]]]]]].,43.70028507709503,3.6504595279693604,0.0,0.0,31
46,.(((((...[[[[[[[)))))..]]]]]]].,62.7611665725708,10.387958407402039,0.0,0.0,31
47,.((((..[[[[[)))).........]]]]]..,46.17100441455841,8.692283987998962,0.0,0.0,32
48,.(((((...[[[[[))))).......]]]]].,42.18800890445709,8.601259112358093,0.0,0.0,32
49,.((((....[[[[[[[))))...]]]]]]]..,71.0016120672226,9.909509420394897,0.0,0.0,32
50,.((((.....[[[[[))))......].]]]].,7648.361238002777,1637.7592409849167,1.0,1.0,32
51,........(((((...[[[.)))))..]]]..,130.98529601097104,619.889729976654,0.0,1.0,32
52,.((((.....[[[[.))))........]]]]..,50.376155495643616,16.133798480033875,0.0,0.0,33
53,.(((((..[[[[[[[))))).....]]]]]]].,49.2786500453949,10.825756549835205,0.0,0.0,33
54,.((((.....[[[[[))))......].]]]]..,8107.711590051651,856.5941015481949,1.0,1.0,33
55,.(((((.[[[[[[[))))).......]]]]]]],48.05976903438568,7.817784428596497,0.0,0.0,33
56,.((((((((..[[[[)))))))).....]]]].,22.19017255306244,13.978317022323608,0.0,0.0,33
57,.((((....[[[[[[))))......].]]]]].,6757.799437880516,1186.9515088796616,1.0,1.0,33
58,..(((((..[[[[[[)))))......]]]]]].,71.07525551319122,13.080693006515503,0.0,0.0,33
59,((.((((.....[[[[))))..))......]]]],10569.85307097435,47.000136971473694,1.0,2.0,34
60,(((((...[[[......)))))........]]].,46.41074752807617,76.08511006832123,0.0,0.0,34
61,.((((...[[[[[[[)))).......]]]]]]].,77.46634697914124,15.882721424102783,0.0,0.0,34
62,.((((...[[[[[[[[)))).....]]]]]]]].,83.03846299648285,8.489850521087646,0.0,0.0,34
63,.(((((....[[[[[[)))))......]]]]]].,48.27646994590759,17.851391434669495,0.0,0.0,34
64,.((((..[[[[[[[[))))......].]]]]]]].,400.5615049600601,574.847799539566,0.0,1.0,35
65,.((((((..[[[[[)))))).........]]]]].,39.10913300514221,13.634766101837158,0.0,0.0,35
66,.((((((.[[[[[))))))..........]]]]].,56.01024508476257,9.546350479125977,0.0,0.0,35
67,...((((...[[[[[[[[))))....]]]]]]]].,71.45356953144073,7.746442556381226,0.0,0.0,35
68,.((((((.[[[[[[)))))).........]]]]]].,50.19445300102234,12.856523036956787,0.0,0.0,36
69,.......(((((..[[[[..)))))....]]]]....,47.56836700439453,25.156280636787415,0.0,0.0,37
70,...............(((..[[[[)))..]]]]....,65.75387346744537,23.226830005645752,0.0,0.0,37
71,.......(((((..[[[[[[)))))...]]]]]]...,113.10144853591919,77.74690854549408,0.0,0.0,37
72,.((((((...[[[[[..)).)))).......]]]]].,201.84562706947327,139.98603546619415,0.0,0.0,37
73,.............(((..[[[[[[)))..]]]]]]...,53.37590050697327,19.522709488868713,0.0,0.0,38
74,...............(((...[[[[)))..]]]]....,56.546220541000366,34.640501976013184,0.0,0.0,38
75,...............(((...[[[[)))...]]]]....,62.08966302871704,25.99721109867096,0.0,0.0,39
76,.............((((..[[[.)))).........]]],56.85412049293518,28.618754863739014,0.0,0.0,39
77,.((((((.........[[[[[[))))))...]]]]]]..,94.0678939819336,30.778234362602234,0.0,0.0,39
78,............(((((..[[[[))))).......]]]],45.53103852272034,10.969038009643555,0.0,0.0,39
79,............(((((..[[[.)))))........]]],45.24072003364563,23.44071638584137,0.0,0.0,39
80,.............((((..[[[[))))........]]]],52.37994301319122,21.697083950042725,0.0,0.0,39
81,..............(((...[[[[[)))...]]]]]....,62.34678292274475,32.20472550392151,0.0,0.0,40
82,..............(((..[[[[[[)))..]]]]]]....,59.79894745349884,25.24328899383545,0.0,0.0,40
83,...............(((...[[[[[)))...]]]]]...,71.8300130367279,42.192821979522705,0.0,0.0,40
84,.......(((..[[[[[....))).......]]]]]....,102.66945743560791,43.847294092178345,0.0,0.0,40
85,.............(((....[[[[[)))...]]]]]....,59.40057039260864,48.17384850978851,0.0,0.0,40
86,..............(((...[[[[[[)))..]]]]]]...,68.61002004146576,30.34774148464203,0.0,0.0,40
87,.(((((((...[[[[.)))))))...........]]]]..,36.74717307090759,14.974796056747437,0.0,0.0,40
88,...............(((....[[[[[)))...]]]]]...,74.57325899600983,29.875421047210693,0.0,0.0,41
89,...............(((...[[[[[)))...]]]]]....,92.85952711105347,23.11411952972412,0.0,0.0,41
90,..............((((.[[[[.))))........]]]].,61.84833002090454,23.584938406944275,0.0,0.0,41
91,.............((((((..[[[[))))))......]]]],46.18602204322815,22.60575258731842,0.0,0.0,41
92,..............(((..[[[[[[)))...]]]]]]....,89.64310038089752,18.46690595149994,0.0,0.0,41
93,...............(((....[[[[[)))...]]]]]....,112.43522500991821,49.83084154129028,0.0,0.0,42
94,................(((..[[[[[[)))...]]]]]]...,99.59487056732178,26.492079496383667,0.0,0.0,42
95,...............(((...[[[[[[)))...]]]]]]...,67.55756783485413,26.849305629730225,0.0,0.0,42
96,.............(((((..[[[.))))).........]]]..,47.653818011283875,36.5898734331131,0.0,0.0,43
97,.((((...((((.[[[[[))))..)))).........]]]]].,95.36548030376434,26.66045045852661,0.0,0.0,43
98,.(((((...((((.[[[[[))))..)))))........]]]]].,76.74987852573395,60.16778600215911,0.0,0.0,44
99,.((((((...(((.[[[[[)))..)))))).........]]]]].,100.36013114452362,29.014817476272583,0.0,0.0,45
100,..((((...[[[)))).....(((((((((.]]].))))))))).,174.7361570596695,114.19659304618835,0.0,0.0,45
101,.((((...(((((.[[[[[)))))..)))).........]]]]].,93.46357250213623,41.31989252567291,0.0,0.0,45
102,...((((((.............[[[[[))))))....]]]]]...,88.79998052120209,30.328239917755127,0.0,0.0,45
103,...((((((............[[[[[[))))))....]]]]]]..,105.34367489814758,137.83419108390808,0.0,0.0,45
104,.(((((...((((.[[[[[))))..))))).........]]]]].,91.90883314609528,28.32615554332733,0.0,0.0,45
105,..((((((((..[[[[[[[[[..))))))))]]]]]]]]]......,93.83242154121399,21.383944988250732,0.0,0.0,46
106,((((((((...[[[[[[[......))).......]]]]]]]))))),129.4157075881958,94.02301847934723,0.0,0.0,46
107,((((...(((((.[[[[[)))))...))))...........]]]]],82.89576959609985,54.20731401443481,0.0,0.0,46
108,..............[[[[[[.....(((]]]]]]....)))......,7946.657777070999,181.81358754634857,3.0,0.0,47
109,(((.((((((.[[[[.)))))).....((((.]]]]...))))))).,906.4752861261368,978.5367885828018,14.0,3.0,47
110,.(((((((......[[[[)))))))...............]]]]...,56.83972704410553,38.66052210330963,0.0,0.0,47
111,.((((...(((((.[[[[[)))))..)))).........]]]]]...,99.3858939409256,38.4056955575943,0.0,0.0,47
112,.((..((.[[[[..))(((((....))).))..))........]]]].,15279.414738059044,1301.150311946869,3.0,6.0,48
113,.(((((...........[[[[[[.............)))))]]]]]].,203.5821224451065,916.3252151012421,0.0,1.5,48
114,.((((.((((.((((.[[[[[)))))).)).)))).......]]]]].,180.40573048591614,160.70178198814392,0.0,4.0,48
115,(((((..[[[[[[))))).....((((((......)))))).]]]]]],82.15580749511719,54.751537561416626,0.0,0.0,48
116,(((((..[[[[[))))).....(((((((.......))))))).]]]]],68.93272709846497,51.22914946079255,0.0,0.0,49
117,.((((((...........[[[[[[............))))))]]]]]].,149.60170710086823,255.64017403125766,0.0,0.0,49
118,..............(((((.[[[[[[[.)))))........]]]]]]].,69.1663384437561,12.41422963142395,0.0,0.0,49
119,.(((((...[[[[[((.(((...))))))))))...........]]]]].,200.39181804656982,482.70248532295227,0.0,2.0,50
120,...............[[[[[..((((((]]]]]...........)))))),6379.924143552779,50.09024953842163,5.0,0.0,50
121,.............[[[[[..((((]]]]]......))))...........,6642.017768383025,114.3414978981018,5.0,0.0,50
122,.((((((((((...[[..[[[[[[)))))))))).......]]]]]].]].,8886.909699559212,27.374568462371826,1.0,2.0,51
123,((((((((((.(((.[[[.[[[))).)))))))))).........]]].]]],1457.180084824562,664.7385449409485,0.0,1.0,52
124,..............((((((.[[[[[[))))))............]]]]]].,91.05679142475128,55.194602489471436,0.0,0.0,52
125,.((((...[[[[.(((((........)))))))))..(((((.]]]]))))).,169.1871190071106,404.2104984521866,0.0,0.0,53
126,................[[[[[[...((((]]]]]]............))))...,8812.735679507256,130.61921203136444,6.0,0.0,54
127,((((((..((.(((.[[[.[[[))).))..))))))...........]]]..]]],152.43389248847961,449.96833896636963,0.0,0.0,55
128,.((((((((((.........[[[[[[[)))))))))).........]]]].]]].,116.79339253902435,90.56603157520294,0.0,0.0,55
129,.((((((((...((((.....)))).[[[))))))))................]]],138.66945910453796,935.5288521051407,0.0,3.0,56
130,.((((((((...............[[[[[[[[[[.))))))))..]]]]]]]]]].,117.96723103523254,57.492114543914795,0.0,0.0,56
131,.(((((.....((((......))))[[[[.)))))..................]]]],115.74892008304595,760.477646112442,0.0,0.0,57
132,.((((((.....((((....))))[[[[[))))))................]]]]].,93.22023499011993,358.5113525390625,0.0,0.0,57
133,.(((((.[[[[[[[)))))..............................]]]]]]].,129.55839657783508,101.74238753318788,0.0,0.0,57
134,.(((((..[[[[[[(((((((.........)))))))))))).........]]]]]].,129.2590148448944,106.66860699653625,0.0,0.0,58
135,(((((((((((..(((...[[[[[)))..))))....)))))))..........]]]]],309.92265343666077,1267.9841071367264,0.0,3.0,59
136,.((((((.....(((((....)))))[[[[[))))))................]]]]].,74.59698998928069,268.09248757362366,0.0,0.0,59
137,............(((((((((((....[[[[[)))))))))))..........]]]]].,49.08630156517029,66.98828649520874,0.0,0.0,59
138,.............(((((((((((...[[[[[.)))))))))))..........]]]]].,39.45372998714447,38.750112533569336,0.0,0.0,60
139,...........((((((((..[[[[[[[)))))))).................]]]]]]].,92.55671453475952,42.42747700214386,0.0,0.0,61
140,...........((((((.(..[[[[[[[).))))))..................]]]]]]],11921.587756514551,1557.9425774812698,1.0,1.0,61
141,.((((((((.....((((....))))[[[[[.))))))))................]]]]],85.97137701511383,125.68466985225677,0.0,0.0,61
142,...........((((((((.[[[[[[[)))).))))..................]]]]]]],163.1474149227142,109.21216750144958,0.0,0.0,61
143,(((((((((........................[[[[[[[))))))).))...]]].]]]],970.7511129379272,513.075556397438,0.0,2.0,61
144,...........((((((((.[[[[[[[)))).))))..................]]]]]]].,176.817547082901,160.79006958007812,0.0,0.0,62
145,.............(((((((((((..[[[[[[.))))))))))).........]]]]]]...,64.22381854057312,45.74560856819153,0.0,0.0,62
146,...........((((((.((.[[[[[[[))))))))..................]]]]]]].,113.52454042434692,679.0325659513474,0.0,0.0,62
147,.(((((((......(((((....))))).[[[[.)))))))................]]]].,86.76401746273041,242.76470398902893,0.0,0.0,62
148,.(((..((((....))))......[[[.[[[[.)))..(((.....)))....]]]].]]].,265.93074893951416,2008.0036724805832,0.0,1.0,62
149,...........((((((((...[[[[[[)))).))))..................]]]]]].,168.05854856967926,322.0927789211273,0.0,0.0,62
150,.((((((((..............((((((.....))))))[[[[[.)))))))).]]]]]..,135.02382397651672,932.7524764537811,0.0,0.0,62
151,.............(((((((((((.[[[[[[[)))))))))))...........]]]]]]].,69.6254415512085,47.46762549877167,0.0,0.0,62
152,...........((((((((.[[[[[[[)))).))))..................]]]]]]]..,171.9268283843994,146.835147023201,0.0,0.0,63
153,(((((((.[[[[[[[[(((..[....))))))))))].((((.....))))....]]]]]]]],14702.425078511238,1681.903795003891,1.0,2.0,63
154,(((((((.[[[[[[[[(((..[....))))))))))].(((((....)))))....]]]]]]]],14397.041870594025,1683.2049815654755,1.0,2.0,64
155,.((((((.((((((((..((....[[[[[[[.))..)))))))).))))))....]]]]]]]..,9668.733743071556,1000.9396154880524,1.0,1.0,64
156,.((((..((((....)))).....[[[[.[[[[.))))((((.....))))...]]]].]]]].,254.52737092971802,1986.2759774923325,0.0,1.0,64
157,.((((..((((....)))).....[[[[.[[[[[)))).(((.....)))...]]]]].]]]].,292.85356152057653,1913.3192681074142,0.0,1.0,64
158,.((((..((((....)))).....[[[[.[[[[[))))((((.....))))..]]]]].]]]].,239.83758354187012,1760.5551453828812,0.0,3.5,64
159,.(((((.((....[.[[[[[..)).))))).(((((((.....)))))))........]]]]]].,11683.860695004463,1752.1322358846664,2.0,2.0,65
160,.((((((((.....(((((.((((....)))))))))[[[[[[)))))))).....]]]]]]....,84.90976095199585,229.86374008655548,0.0,0.0,66
161,.(((((((.......((((((((......))))))))....[[[[[)))))))....]]]]]....,89.43421304225922,1143.3607904911044,0.0,0.0,66
162,.((((((.....[[[((((....(((((((.....))))))).))))))))))........]]]..,145.5882705450058,1644.7513850927353,0.0,1.5,66
163,(((((((..[[[[[[[(((..[....))))))))))].(..((((....)))).)....]]]]]]],15346.046637535095,2016.685438990593,1.0,2.0,66
164,............((((((((((...[[[[[[[[[)))))...))))).........]]]]]]]]].,152.34190392494202,178.11644506454468,0.0,0.0,66
165,(((((((..[[[[[[[(((..[....))))))))))].(((((((....)))))))....]]]]]]],13959.76766693592,1898.1337225437164,1.0,1.0,67
166,.((((((..[[[[[[[(((..[....))))))))).].(((((((....)))))))....]]]]]]],13410.183234453201,2006.016837477684,1.0,1.0,67
167,((((.((((((.[[[[[[[))))))))))...............................]]]]]]],172.91537737846375,182.20879745483398,0.0,0.0,67
168,(((((((.[[[[[[[[(((.[[.....))))))))))]]....(((....))).....].]]]]]]],14779.957251667976,2148.9862928390503,1.0,3.0,67
169,(((((((....[[[[((((.....((((((((.....))))))))))))))))))).......]]]],124.36532294750214,416.35031950473785,0.0,0.0,67
170,..((((..((((....)))).....[[[[.[[[[.))))(((((.....)))))...]]]].]]]].,255.31172597408292,1268.6646959781647,0.0,0.0,67
171,..((....[[[[[[..((((((((((((.....))))))))))))...[[..))]].....]]]]]].,7919.683522462844,1463.852089047432,3.0,2.0,68
172,.............(((((((.....[[[[[[[.......)))))))..............]]]]]]].,136.3308700323105,272.81963896751404,0.0,0.0,68
173,(((.(((....((((.[[[[[[[..........)))).....))).)))............]]]]]]],200.9420725107193,1322.1847944259644,0.0,0.0,68
174,(((((((..[[[[[[[(((..[....))))))))))]....(((((....))))).....].]]]]]],14374.967396497726,2428.353535413742,2.0,3.0,68
175,((((((..[[[[[[[(((.[[....)))))))))]]...(((((((...))))))).....]]]]]]],13770.19629740715,2066.2814390659332,1.0,2.0,68
176,.((((((((((.(((((((.((...[[[[[[[[.))))))))).))))))))))..]]]]]]]]....,87.65801358222961,114.46480596065521,0.0,0.0,68
177,(((((((.[[[[[[[[(((.[[....))))))))))]]....(((((....))))).....]]]]]]]],14134.812016963959,2093.3962910175323,1.0,3.0,69
178,.((((((((....[[[[((((((.((..(((.....))).)).)))))))))))))).......]]]].,125.61522090435028,334.6264064311981,0.0,0.0,69
179,..((((((....[[[[((((.....((((((((.....)))))))))))))))))).........]]]].,149.22254598140717,890.0142170190811,0.0,0.0,70
180,.(((((((((....[[[.(((((...((((.....))))....)))))))))))))).........]]].,815.3121604919434,1605.36257147789,0.0,2.0,70
181,............(((((.((((((......[[[[[[.)))))).)))))..........]]]]]].....,91.91753947734833,225.60425460338593,0.0,0.0,70
182,.(((((((((......((((((((......[[[[[.......))))))))....)))))))))..]]]]].,154.38927149772644,230.9287509918213,0.0,0.0,71
183,............((((((.((((((....[[[[[[[))))))))))))...............]]]]]]].,107.12826609611511,90.77953886985779,0.0,0.0,71
184,.(((((((....[[[[[(((....(((((((((.....)))))))))))))))))))........]]]]].,165.77528738975525,626.5452381372453,0.0,0.0,71
185,.(((((((....[[[[[((((((...(((.(((.....))).)))))))))))))))).......]]]]].,148.2822309732437,285.19910311698914,0.0,0.0,71
186,.((((((((....[[[[((((.....((((((((.....)))))))))))))))))))).......]]]].,111.84956955909729,298.4095540046692,0.0,0.0,71
187,.(((((((((.......((((((((....))))))))[[[[[)))))))))..............]]]]]..,88.73736310005188,609.1458424329758,0.0,0.0,72
188,............((((((.((((((....[[[[[[[))))))))))))...............]]]]]]]..,139.846892118454,260.8513284921646,0.0,0.0,72
189,.((..((((((((((.((((((.......))))))...)).....[[[......))))))))..))]]]...,9872.673045516014,1557.2816795110703,2.5,7.0,72
190,.(((((((((((((............)))))))).........[[[[[....(((...))))))))]]]]]..,926.917548418045,2150.7939234972,0.0,6.0,73
191,((((.[[[[[..))))........(((((]]]]]((((....((((....)))).))))........))))).,420.64102244377136,3274.1518675088882,0.0,1.0,73
192,.............(((((((((((...[[[[[[...)))))))))))...................]]]]]].,79.99898195266724,85.85387539863586,0.0,0.0,73
193,.((((((((((((.[[[[[[.........)))))))))))).....((.(((((.]]]]]]))))).))....,123.85885334014893,230.0111163854599,0.0,0.0,73
194,............((((((((((((...[[[[[)))))))))))).......(((((((..]]]]].)))))))..,155.0846344232559,256.70526444911957,0.0,0.0,75
195,.((((.....((((.......))))[[[[[[))))((((((....))))))..................]]]]]],322.52642154693604,3240.190018892288,0.0,4.0,75
196,(((((((......[[[.[[[[[(((.[[....))))))))))]]...(((((.....)))))......]]]]]]]],19052.349329471588,3147.211047887802,1.0,7.0,76
197,.(((....(((((((((((((((.........[[[[[[[.[[[.))))))))))))))))))..]]].]]]]]]].,471.59135496616364,1387.846704363823,0.0,1.0,76
198,.(((((....(((((.((....)).)))))...[[[.[[[[[[(((....))))))))........]]]]]]]]].,426.29328846931463,3107.6076160669327,0.0,3.5,76
199,(((((((..[[[[[[[(((.[[....))))))))))]].(((((((.(((....))).))))))).....]]]]]]],20638.46410906315,2247.471939086914,2.0,5.0,77
200,((((((....[[[[[)))))).(((((.......)))))..........(((((((.........)))))))]]]]],12254.378476500511,3168.5963745117188,7.5,5.0,77
201,(((((((..[[[[[[[[(((.[[.....))))))))))]]...(((((((.(...).))))))).....].]]]]]]],18210.3614538908,2644.8886749744415,3.0,8.0,78
202,.(((((....((((.(((....)))..))))..[[[[.[[[[[[(((....)))))))).......]]]].]]]]]].,855.0458444356918,3478.568588614464,0.0,6.0,78
203,.((((((((......(((((((((..........[[[[[[........)))))))))....))))))))..]]]]]]...,144.62169361114502,704.2080894708633,0.0,0.0,80
204,.(((((....((((((((....))).)))))..[[[[.[[[[[[(((....)))))))).........]]]].]]]]]].,656.7232295274736,3576.1436495780945,0.0,6.0,80
205,..(((((.....((((((((....))))))))..[[[[.[[[[[[(((....))))))))........]]]].]]]]]].,520.3110535144806,3086.226818084717,0.0,4.0,80
206,.((((..(((((((....[[[[[[[))))).))...))))...(((..((((((...)))))))))]]]]]]].......,730.4000095129013,3196.0486595630646,0.0,3.0,80
207,.(((((((......(((((((((((..........[[[[[.......)))))))))))....)))))))...]]]]]...,192.53150951862335,1224.7758724689484,0.0,0.0,80
208,.(((((((((......((((((((.........[[[[[[[........))))))))....)))))))))..]]]]]]]...,149.08910858631134,276.4875489473343,0.0,0.0,81
209,.(((((((((.......((((((((((........[[[[[......)))))))))).....)))))))))...]]]]]...,227.31311643123627,569.7412059307098,0.0,0.0,81
210,(((((((.....[[[.[[[[[(((.[[....))))))))))]].((((((.(((...))).))).))).....]]]]]]]],23285.48006594181,3158.7321333885193,2.0,9.0,81
211,.(((((((((......((((((((((..........[[[[[[[......))))))))))....)))))))))..]]]]]]].,119.6348170042038,404.5632189512253,0.0,0.0,82
212,(((((((.....[[[.[[[[[(((.[[....))))))))))]].((((((((((....))))))))))......]]]]]]]],18231.838000059128,2741.7216370105743,2.0,7.0,82
213,...........((((((((((((((...[[[[[)))))))))))))).............................]]]]].,5280.378387093544,1814.6085274219513,2.0,2.5,82
214,.(.((.((((((((..(((((((....[[.[[[[))))))))))))))))))..]]]].]](((..(((.....))).))).,22767.103253006935,2726.352437019348,1.0,7.0,82
215,(((((((......[[[[[[[[(((.[[....))))))))))]]..((((((.((....)).)))))).......]]]]]]]],8281.941689014435,2847.1567010879517,1.0,7.0,82
216,............(((((((((((...[[[[[[[)))))))))))((((((((.........))).)))))...]].]]]]].,573.8113260269165,2534.1935856342316,0.0,2.0,82
217,.(((((((((......(((((((((..........[[[[[[........)))))))))....)))))))))...]]]]]]...,58.19799506664276,694.4082399606705,0.0,0.0,83
218,.((((((((...((((((((...[[[[[.))))))))....))......((((......)))))))))).........]]]]].,6511.127965092659,3432.1778824329376,1.0,6.5,84
219,.((((((..(((...[[[[[[[..))).(((((((((((((((....))))))))))))))).)))))).......]]]]]]].,193.27925503253937,2460.1444754600525,0.0,2.0,84
220,.((((((.......[[[[[[)))))).....(((((((.....(((((((....)))))))......)))))))....]]]]]].,190.3015329837799,2905.1320095062256,0.0,5.0,85
221,.(((((((..[[[[[[[{{{.[[.....}}})))))))]]....(((((((((((((...))))))))).)))).....]]]]]]]..,8145.939045906067,3694.9033670425415,4.0,4.5,88
222,(((((((.........[[[[[[[(((.[[....))))))))))]]...((((((((((.........))))))))))....]]]]]]],7511.108810424804,3318.3246175050735,2.0,7.0,88
223,(((((((........[[[[(((.......))))))))))...(((((((....((((....))))..)))))))......]]]].....,6385.196259498596,4250.6894590854645,3.0,5.0,89
224,.((((((..(((...[[[[[[[..))).((((((((((....)))))).((((....))))...)))).)))))).......]]]]]]].,599.4039033651352,5005.415019989014,0.0,4.0,90
225,.(((((((.((.((((((((((.(((((....))))))))).)))))).))....[[[.[[[[[..)))))))..........]]]]]]]].,194.72224152088165,4320.910095453262,0.0,2.0,92
226,.((((((((..((((((..[[[[[.))))))....((((((.....)))))))))))))).((((((.....)))))).........]]]]]....,320.9531989097595,5012.466422915459,0.0,3.0,96
227,.(((((..[[[[)))))......]]]].(((((((.(((((((((.((((.......))))......))))))))).)))).)))...........,119.14668905735016,4183.967789530754,0.0,0.0,96
228,.((((((((..((((((..[[[[[.))))))....((((((......)))))))))))))).((((((.....))))))........]]]]]....,357.05087554454803,5012.880658149719,0.0,2.0,96
229,(((((((..[[.[[[[(((.[[....))))))))))]]((..(((((((((.....(((((((...........)).))))).)))))))))))....]]]]]],12812.101752638817,5012.4278424978265,13.0,15.0,104
230,.((((((((....(((((...[[[[[..))))).....((((((....)))))))))))))).((((((((((.....))))))))))........]]]]]....,272.5012240409851,5019.365450382233,0.0,3.0,105
231,(((((((..[[[[[[[[(((.[[....))))))))))]].((((((((((..(((((((....(....)....)))))))..)))))))))).....].]]]]]]],12096.759263515472,5010.23929810524,18.0,11.0,106
232,(((((((..[[[[[[[[(((.[[....))))))))))]].((((((((((..((((..((.(.(....).).))..))))..)))))))))).....].]]]]]]],12657.402613401413,5021.651293992996,14.0,12.0,106
233,(((((((.(((((........[[[[....[[[[....{{{{.))))))))))))..........................]]]].....]]]]...........}}}},4419.851742506027,5011.50258398056,4.0,7.5,108
234,((((((.(((((...((((((....))))))))))).[[[[[[[[[.....)))))).....(((((((......)))))))...]]]]]]]]].((((((...)))))),614.5230876207352,5028.958084464073,0.0,3.0,110
235,.((((((((((((((((...[[[[))))))....))))))))))..((((((((((((....))))))))))))....(((((((....))))))).........]]]]....,10505.783032894135,5014.585362672806,1.0,4.0,113
236,..(((((((..((((((..[[[[[[)))))).....(((((.((((((.....))))))....))))))))))))(((((((((....))))))))).........]]]]]]....,515.2017579078674,5030.1259570121765,0.0,7.0,116
237,(((((([[.[[[[[[[[[[[[..[[[[[.[[[[[[[[[[...[[[..[[[[....))))))........]]]].]]].]]]]]]]]]]]]]]].]]]]]]]..]]].]].]]........,2468.0006605386734,5012.3596984148035,0.0,10.0,120
238,.......((((((([[[[[[[[..[[[[[..[[[[[....[[[[[[[[..[[[..[[[[....))))))).......]]]].]]]]]]]]]]]...]]]]].]]]]]....]]].]]]]],1154.0451955795288,5016.121879935265,0.0,7.0,120
239,.((((((((.....(((((.......(((((((((........[[[[[[[[[)))))))))..)))))....))))).))).............................]]].]]]]]].,301.29198598861694,5023.174724459648,0.0,14.0,121
240,........((((((((((((((...........[[[[[[[[((((((..(((((......)))))))))))((((((....))))))......))))))))).)))))...........]]]]]]]].,519.5824189186096,5041.537155032158,0.0,6.0,128
241,.....(((((..[[[[[[[...........[[[[[....[[[[........[[[[....(((...))).))))).((((.......)))).]]]].......]].]].]]]]]]]].]]]].........,18249.424352407455,5024.1301510334015,6.0,30.0,130
242,.............((((([[...[[[..[[[..[[......[[[[[[[[[[..[[[[..[[[[....))))).........]]]].]]]]]]]]]]]]]]....]]]]]...]]]....]].........,15758.650782942772,5028.000784993172,2.0,18.5,130
243,........(((((([[.[.[[[[[[[[[...[[.[..[[[[[.[[[[...[[[..[[[[[[..))))))......]]]]]].]]].]]]].]]]]].].]]..]]]].]]]].].]]]............,15915.178560495377,5030.0008314847955,2.0,16.0,130
244,.(((((((..((((((..[[[[[.)))))).......(((((((....)))))))..(((((((((((......)))))))....)))))))))))((((((((....))))))))........]]]]]....,1911.7429809570312,5093.336013913155,0.0,9.0,133
245,.(((((((..((((((..[[[[[[)))))).......((((((....))))))..((((((((((((.....)))))))......))))))))))))((((((((....)))))))).......]]]]]]....,1669.1388405561447,5086.488624930382,0.0,10.0,134
246,....(((((((..((((((..[[[[[[)))))).......((((((....))))))..(((((((((((.....)))))))....))))))))))).((((((((......))))))))........]]]]]]....,1715.8474925756454,5102.268649458885,0.0,9.5,137
247,......................(((((([..[.[[[...[[....[[....[[[[[[[[.[.[[.....[[[[....)))))).....]]]]...]]].]]]]]]]]...]]...]].....]]]..]..]..............,17267.2372020483,5046.111965060234,5.0,27.5,145
248,(((((((.....(((((.(((((((....))).)))).)))))...[[[[.[[[[[[[(((.[[....))))))))))]]...((((((((((((..((((((.(((((((((.....))))))))).....((((...))))))))))...)))))))))))).....]]]]]]]]]]],226838.93457508087,5389.136940479279,10.5,24.0,180
249,(((((((.....((((((((.((..........))...))))))))...[[[[.[[[[[[(((.[[....))))))))))]]...((((((((((....((((....(((((((...............))))))).(((((....))))).)))))))))))))).....]]]]]]]]]],176862.82580804825,5383.048869967461,5.5,31.0,181
